{
    "stats_cat": [
        {
            "cat_name": "Overview",
            "cat_id": "overview",
            "stats_tracked": [
                {
                    "stat_name": "Ranking",
                    "stat_id": "ranking"
                },
                {
                    "stat_name": "Avg. Speed",
                    "stat_id": "avg_speed"
                },
                {
                    "stat_name": "Max. Speed",
                    "stat_id": "max_speed"
                },
                {
                    "stat_name": "Ice Coverage",
                    "stat_id": "ice_coverage"
                }
            ]
        },
        {
            "cat_name": "Jumps",
            "cat_id": "jumps",
            "stats_tracked": [
                {
                    "stat_name": "Speed",
                    "stat_id": "jump_speed"
                },
                {
                    "stat_name": "Height",
                    "stat_id": "jump_height"
                },
                {
                    "stat_name": "Distance",
                    "stat_id": "jump_distance"
                }
            ]
        },
        {
            "cat_name": "Lifts",
            "cat_id": "lifts",
            "stats_tracked": [
                {
                    "stat_name": "Speed",
                    "stat_id": "lift_speed"
                },
                {
                    "stat_name": "Flow",
                    "stat_id": "lift_flow"
                },
                {
                    "stat_name": "Ice Coverage",
                    "stat_id": "lift_coverage"
                }
            ]
        },
        {
            "cat_name": "Twists",
            "cat_id": "twists",
            "stats_tracked": [
                {
                    "stat_name": "Speed",
                    "stat_id": "twist_speed"
                },
                {
                    "stat_name": "Height",
                    "stat_id": "twist_height"
                }
            ]
        }
    ],
    "events": [
        {
            "event_name": "Men Events",
            "event_type": "men",
            "programs": [
                {
                    "program_name": "Short Program",
                    "program_type": "short",
                    "competitors": [
                        {
                            "id": 0,
                            "guid": "27ef899d-455c-43d5-bae8-fe95a5f6c3a5",
                            "picture": "http://placehold.it/32x32",
                            "names": [
                                "Kelly Mcpherson"
                            ],
                            "gender": "male",
                            "overview": {
                                "ranking": 10,
                                "avg_speed": 41,
                                "max_speed": 20,
                                "ice_coverage": 75
                            },
                            "jumps": [
                                {
                                    "jump_id": 0,
                                    "jump_speed": 27,
                                    "jump_height": 13,
                                    "jump_distance": 60
                                },
                                {
                                    "jump_id": 1,
                                    "jump_speed": 83,
                                    "jump_height": 47,
                                    "jump_distance": 26
                                }
                            ]
                        },
                        {
                            "id": 1,
                            "guid": "e9a1dd90-c1ae-43ca-887d-35e5f9ac96dd",
                            "picture": "http://placehold.it/32x32",
                            "names": [
                                "Holmes Wooten"
                            ],
                            "gender": "male",
                            "overview": {
                                "ranking": 1,
                                "avg_speed": 18,
                                "max_speed": 10,
                                "ice_coverage": 76
                            },
                            "jumps": [
                                {
                                    "jump_id": 0,
                                    "jump_speed": 24,
                                    "jump_height": 63,
                                    "jump_distance": 37
                                },
                                {
                                    "jump_id": 1,
                                    "jump_speed": 14,
                                    "jump_height": 46,
                                    "jump_distance": 5
                                },
                                {
                                    "jump_id": 2,
                                    "jump_speed": 97,
                                    "jump_height": 16,
                                    "jump_distance": 9
                                }
                            ]
                        },
                        {
                            "id": 2,
                            "guid": "3d588cff-5a8d-41af-b89f-5b68873c9515",
                            "picture": "http://placehold.it/32x32",
                            "names": [
                                "Stefanie Neal"
                            ],
                            "gender": "male",
                            "overview": {
                                "ranking": 10,
                                "avg_speed": 56,
                                "max_speed": 10,
                                "ice_coverage": 89
                            },
                            "jumps": [
                                {
                                    "jump_id": 0,
                                    "jump_speed": 38,
                                    "jump_height": 73,
                                    "jump_distance": 42
                                },
                                {
                                    "jump_id": 1,
                                    "jump_speed": 98,
                                    "jump_height": 32,
                                    "jump_distance": 8
                                },
                                {
                                    "jump_id": 2,
                                    "jump_speed": 71,
                                    "jump_height": 5,
                                    "jump_distance": 72
                                }
                            ]
                        },
                        {
                            "id": 3,
                            "guid": "6d09b10f-0394-4ca3-95f2-3e36843d8ce0",
                            "picture": "http://placehold.it/32x32",
                            "names": [
                                "Barlow Walsh"
                            ],
                            "gender": "male",
                            "overview": {
                                "ranking": 8,
                                "avg_speed": 12,
                                "max_speed": 80,
                                "ice_coverage": 11
                            },
                            "jumps": [
                                {
                                    "jump_id": 0,
                                    "jump_speed": 28,
                                    "jump_height": 76,
                                    "jump_distance": 80
                                },
                                {
                                    "jump_id": 1,
                                    "jump_speed": 32,
                                    "jump_height": 61,
                                    "jump_distance": 48
                                }
                            ]
                        },
                        {
                            "id": 4,
                            "guid": "d884d61d-b11f-403f-b29e-001246d22bfb",
                            "picture": "http://placehold.it/32x32",
                            "names": [
                                "Pamela Mccormick"
                            ],
                            "gender": "male",
                            "overview": {
                                "ranking": 2,
                                "avg_speed": 71,
                                "max_speed": 19,
                                "ice_coverage": 87
                            },
                            "jumps": [
                                {
                                    "jump_id": 0,
                                    "jump_speed": 66,
                                    "jump_height": 49,
                                    "jump_distance": 76
                                },
                                {
                                    "jump_id": 1,
                                    "jump_speed": 43,
                                    "jump_height": 88,
                                    "jump_distance": 78
                                }
                            ]
                        },
                        {
                            "id": 5,
                            "guid": "237d6049-0c95-4f42-bdca-987883459a2d",
                            "picture": "http://placehold.it/32x32",
                            "names": [
                                "Lourdes Parks"
                            ],
                            "gender": "male",
                            "overview": {
                                "ranking": 2,
                                "avg_speed": 53,
                                "max_speed": 36,
                                "ice_coverage": 4
                            },
                            "jumps": [
                                {
                                    "jump_id": 0,
                                    "jump_speed": 6,
                                    "jump_height": 72,
                                    "jump_distance": 39
                                },
                                {
                                    "jump_id": 1,
                                    "jump_speed": 68,
                                    "jump_height": 50,
                                    "jump_distance": 28
                                },
                                {
                                    "jump_id": 2,
                                    "jump_speed": 79,
                                    "jump_height": 30,
                                    "jump_distance": 45
                                }
                            ]
                        }
                    ]
                },
                {
                    "program_name": "Long Program",
                    "program_type": "long",
                    "competitors": [
                        {
                            "id": 0,
                            "guid": "dd509b8f-c30e-4461-a96b-30d067868fdc",
                            "picture": "http://placehold.it/32x32",
                            "names": [
                                "Jones Bailey"
                            ],
                            "gender": "male",
                            "overview": {
                                "ranking": 8,
                                "avg_speed": 19,
                                "max_speed": 7,
                                "ice_coverage": 83
                            },
                            "jumps": [
                                {
                                    "jump_id": 0,
                                    "jump_speed": 27,
                                    "jump_height": 40,
                                    "jump_distance": 73
                                },
                                {
                                    "jump_id": 1,
                                    "jump_speed": 3,
                                    "jump_height": 29,
                                    "jump_distance": 45
                                },
                                {
                                    "jump_id": 2,
                                    "jump_speed": 32,
                                    "jump_height": 44,
                                    "jump_distance": 51
                                }
                            ]
                        },
                        {
                            "id": 1,
                            "guid": "31b9d674-8417-426b-9741-a08247c5f318",
                            "picture": "http://placehold.it/32x32",
                            "names": [
                                "Tami Dawson"
                            ],
                            "gender": "male",
                            "overview": {
                                "ranking": 9,
                                "avg_speed": 99,
                                "max_speed": 22,
                                "ice_coverage": 42
                            },
                            "jumps": [
                                {
                                    "jump_id": 0,
                                    "jump_speed": 46,
                                    "jump_height": 7,
                                    "jump_distance": 13
                                },
                                {
                                    "jump_id": 1,
                                    "jump_speed": 13,
                                    "jump_height": 20,
                                    "jump_distance": 36
                                }
                            ]
                        },
                        {
                            "id": 2,
                            "guid": "bb12847f-728c-46bf-8a30-53060e02c19d",
                            "picture": "http://placehold.it/32x32",
                            "names": [
                                "Holt Dickson"
                            ],
                            "gender": "male",
                            "overview": {
                                "ranking": 8,
                                "avg_speed": 42,
                                "max_speed": 62,
                                "ice_coverage": 78
                            },
                            "jumps": [
                                {
                                    "jump_id": 0,
                                    "jump_speed": 27,
                                    "jump_height": 74,
                                    "jump_distance": 95
                                },
                                {
                                    "jump_id": 1,
                                    "jump_speed": 56,
                                    "jump_height": 98,
                                    "jump_distance": 24
                                },
                                {
                                    "jump_id": 2,
                                    "jump_speed": 65,
                                    "jump_height": 57,
                                    "jump_distance": 58
                                }
                            ]
                        },
                        {
                            "id": 3,
                            "guid": "13cbf556-79b5-4771-96e8-d594a1d43119",
                            "picture": "http://placehold.it/32x32",
                            "names": [
                                "Petra Vaughan"
                            ],
                            "gender": "male",
                            "overview": {
                                "ranking": 10,
                                "avg_speed": 88,
                                "max_speed": 43,
                                "ice_coverage": 50
                            },
                            "jumps": [
                                {
                                    "jump_id": 0,
                                    "jump_speed": 97,
                                    "jump_height": 11,
                                    "jump_distance": 41
                                },
                                {
                                    "jump_id": 1,
                                    "jump_speed": 78,
                                    "jump_height": 37,
                                    "jump_distance": 50
                                },
                                {
                                    "jump_id": 2,
                                    "jump_speed": 23,
                                    "jump_height": 89,
                                    "jump_distance": 66
                                }
                            ]
                        },
                        {
                            "id": 4,
                            "guid": "9d8a65b3-b07b-41a1-b8d9-50b50817711f",
                            "picture": "http://placehold.it/32x32",
                            "names": [
                                "Merrill Rosa"
                            ],
                            "gender": "male",
                            "overview": {
                                "ranking": 6,
                                "avg_speed": 18,
                                "max_speed": 10,
                                "ice_coverage": 70
                            },
                            "jumps": [
                                {
                                    "jump_id": 0,
                                    "jump_speed": 10,
                                    "jump_height": 63,
                                    "jump_distance": 25
                                },
                                {
                                    "jump_id": 1,
                                    "jump_speed": 50,
                                    "jump_height": 37,
                                    "jump_distance": 69
                                }
                            ]
                        },
                        {
                            "id": 5,
                            "guid": "f6af7978-3242-4c6d-ae63-f414fe723c42",
                            "picture": "http://placehold.it/32x32",
                            "names": [
                                "David Wolf"
                            ],
                            "gender": "male",
                            "overview": {
                                "ranking": 5,
                                "avg_speed": 86,
                                "max_speed": 24,
                                "ice_coverage": 29
                            },
                            "jumps": [
                                {
                                    "jump_id": 0,
                                    "jump_speed": 75,
                                    "jump_height": 89,
                                    "jump_distance": 14
                                },
                                {
                                    "jump_id": 1,
                                    "jump_speed": 67,
                                    "jump_height": 73,
                                    "jump_distance": 40
                                }
                            ]
                        }
                    ]
                }
            ]
        },
        {
            "event_name": "Ladies Events",
            "event_type": "ladies",
            "programs": [
                {
                    "program_name": "Short Program",
                    "program_type": "short",
                    "competitors": [
                        {
                            "id": 0,
                            "guid": "5dc9eef2-c9df-4fc8-a14b-1ca408654ee9",
                            "picture": "http://placehold.it/32x32",
                            "names": [
                                "Darla Ellis"
                            ],
                            "gender": "female",
                            "overview": {
                                "ranking": 6,
                                "avg_speed": 53,
                                "max_speed": 71,
                                "ice_coverage": 19
                            },
                            "jumps": [
                                {
                                    "jump_id": 0,
                                    "jump_speed": 68,
                                    "jump_height": 52,
                                    "jump_distance": 61
                                },
                                {
                                    "jump_id": 1,
                                    "jump_speed": 46,
                                    "jump_height": 94,
                                    "jump_distance": 10
                                }
                            ]
                        },
                        {
                            "id": 1,
                            "guid": "1f46206a-f179-44e2-9a1b-f6d700a51e68",
                            "picture": "http://placehold.it/32x32",
                            "names": [
                                "Bowers Hill"
                            ],
                            "gender": "female",
                            "overview": {
                                "ranking": 8,
                                "avg_speed": 84,
                                "max_speed": 47,
                                "ice_coverage": 87
                            },
                            "jumps": [
                                {
                                    "jump_id": 0,
                                    "jump_speed": 69,
                                    "jump_height": 84,
                                    "jump_distance": 89
                                },
                                {
                                    "jump_id": 1,
                                    "jump_speed": 91,
                                    "jump_height": 24,
                                    "jump_distance": 92
                                }
                            ]
                        },
                        {
                            "id": 2,
                            "guid": "3bd164e0-6062-439d-96d4-88d786d4868e",
                            "picture": "http://placehold.it/32x32",
                            "names": [
                                "Kim Sullivan"
                            ],
                            "gender": "female",
                            "overview": {
                                "ranking": 8,
                                "avg_speed": 31,
                                "max_speed": 8,
                                "ice_coverage": 67
                            },
                            "jumps": [
                                {
                                    "jump_id": 0,
                                    "jump_speed": 92,
                                    "jump_height": 74,
                                    "jump_distance": 9
                                },
                                {
                                    "jump_id": 1,
                                    "jump_speed": 6,
                                    "jump_height": 51,
                                    "jump_distance": 36
                                }
                            ]
                        },
                        {
                            "id": 3,
                            "guid": "d2d87f78-cb3d-4055-b4fd-daa786c0322e",
                            "picture": "http://placehold.it/32x32",
                            "names": [
                                "Nelda Phelps"
                            ],
                            "gender": "female",
                            "overview": {
                                "ranking": 1,
                                "avg_speed": 94,
                                "max_speed": 41,
                                "ice_coverage": 40
                            },
                            "jumps": [
                                {
                                    "jump_id": 0,
                                    "jump_speed": 62,
                                    "jump_height": 50,
                                    "jump_distance": 58
                                },
                                {
                                    "jump_id": 1,
                                    "jump_speed": 20,
                                    "jump_height": 42,
                                    "jump_distance": 9
                                },
                                {
                                    "jump_id": 2,
                                    "jump_speed": 33,
                                    "jump_height": 88,
                                    "jump_distance": 22
                                }
                            ]
                        },
                        {
                            "id": 4,
                            "guid": "ae6f9fbd-b30a-4d27-8acd-09ff9b7f36b0",
                            "picture": "http://placehold.it/32x32",
                            "names": [
                                "Rosario Rosario"
                            ],
                            "gender": "female",
                            "overview": {
                                "ranking": 3,
                                "avg_speed": 42,
                                "max_speed": 89,
                                "ice_coverage": 15
                            },
                            "jumps": [
                                {
                                    "jump_id": 0,
                                    "jump_speed": 18,
                                    "jump_height": 93,
                                    "jump_distance": 38
                                },
                                {
                                    "jump_id": 1,
                                    "jump_speed": 11,
                                    "jump_height": 77,
                                    "jump_distance": 96
                                }
                            ]
                        }
                    ]
                },
                {
                    "program_name": "Long Program",
                    "program_type": "long",
                    "competitors": [
                        {
                            "id": 0,
                            "guid": "9f4a8e20-3b84-44b8-9135-10b21e5a146f",
                            "picture": "http://placehold.it/32x32",
                            "names": [
                                "Leta Nixon"
                            ],
                            "gender": "female",
                            "overview": {
                                "ranking": 3,
                                "avg_speed": 36,
                                "max_speed": 24,
                                "ice_coverage": 78
                            },
                            "jumps": [
                                {
                                    "jump_id": 0,
                                    "jump_speed": 29,
                                    "jump_height": 50,
                                    "jump_distance": 70
                                },
                                {
                                    "jump_id": 1,
                                    "jump_speed": 44,
                                    "jump_height": 45,
                                    "jump_distance": 71
                                }
                            ]
                        },
                        {
                            "id": 1,
                            "guid": "84a45d03-dfbb-48a1-8ad3-6826a1737354",
                            "picture": "http://placehold.it/32x32",
                            "names": [
                                "Billie Carroll"
                            ],
                            "gender": "female",
                            "overview": {
                                "ranking": 2,
                                "avg_speed": 96,
                                "max_speed": 37,
                                "ice_coverage": 50
                            },
                            "jumps": [
                                {
                                    "jump_id": 0,
                                    "jump_speed": 32,
                                    "jump_height": 97,
                                    "jump_distance": 97
                                },
                                {
                                    "jump_id": 1,
                                    "jump_speed": 30,
                                    "jump_height": 46,
                                    "jump_distance": 40
                                },
                                {
                                    "jump_id": 2,
                                    "jump_speed": 25,
                                    "jump_height": 62,
                                    "jump_distance": 56
                                }
                            ]
                        },
                        {
                            "id": 2,
                            "guid": "2b36e468-536f-4bb2-a536-07f4a174e657",
                            "picture": "http://placehold.it/32x32",
                            "names": [
                                "Lindsey Estrada"
                            ],
                            "gender": "female",
                            "overview": {
                                "ranking": 6,
                                "avg_speed": 98,
                                "max_speed": 77,
                                "ice_coverage": 52
                            },
                            "jumps": [
                                {
                                    "jump_id": 0,
                                    "jump_speed": 99,
                                    "jump_height": 36,
                                    "jump_distance": 80
                                },
                                {
                                    "jump_id": 1,
                                    "jump_speed": 29,
                                    "jump_height": 73,
                                    "jump_distance": 30
                                },
                                {
                                    "jump_id": 2,
                                    "jump_speed": 24,
                                    "jump_height": 2,
                                    "jump_distance": 68
                                }
                            ]
                        },
                        {
                            "id": 3,
                            "guid": "880a08cc-0469-4491-aea6-0e526159a301",
                            "picture": "http://placehold.it/32x32",
                            "names": [
                                "Horton Frank"
                            ],
                            "gender": "female",
                            "overview": {
                                "ranking": 7,
                                "avg_speed": 45,
                                "max_speed": 46,
                                "ice_coverage": 29
                            },
                            "jumps": [
                                {
                                    "jump_id": 0,
                                    "jump_speed": 49,
                                    "jump_height": 6,
                                    "jump_distance": 12
                                },
                                {
                                    "jump_id": 1,
                                    "jump_speed": 62,
                                    "jump_height": 72,
                                    "jump_distance": 50
                                }
                            ]
                        },
                        {
                            "id": 4,
                            "guid": "b93e95dc-0627-47cb-bf03-3c886469b8cf",
                            "picture": "http://placehold.it/32x32",
                            "names": [
                                "Waters Rhodes"
                            ],
                            "gender": "female",
                            "overview": {
                                "ranking": 5,
                                "avg_speed": 14,
                                "max_speed": 77,
                                "ice_coverage": 68
                            },
                            "jumps": [
                                {
                                    "jump_id": 0,
                                    "jump_speed": 66,
                                    "jump_height": 27,
                                    "jump_distance": 84
                                },
                                {
                                    "jump_id": 1,
                                    "jump_speed": 8,
                                    "jump_height": 77,
                                    "jump_distance": 21
                                }
                            ]
                        },
                        {
                            "id": 5,
                            "guid": "9a6c0a24-a8a7-49ad-b841-cb183a286508",
                            "picture": "http://placehold.it/32x32",
                            "names": [
                                "Marion Spencer"
                            ],
                            "gender": "female",
                            "overview": {
                                "ranking": 7,
                                "avg_speed": 36,
                                "max_speed": 42,
                                "ice_coverage": 42
                            },
                            "jumps": [
                                {
                                    "jump_id": 0,
                                    "jump_speed": 5,
                                    "jump_height": 28,
                                    "jump_distance": 11
                                },
                                {
                                    "jump_id": 1,
                                    "jump_speed": 77,
                                    "jump_height": 26,
                                    "jump_distance": 27
                                }
                            ]
                        }
                    ]
                }
            ]
        },
        {
            "event_name": "Pairs Events",
            "event_type": "pairs",
            "programs": [
                {
                    "program_name": "Short Program",
                    "program_type": "short",
                    "competitors": [
                        {
                            "id": 0,
                            "guid": "38db3c4d-6826-4550-b71e-6249285614f2",
                            "picture": "http://placehold.it/32x32",
                            "names": [
                                "Mclean Hodge",
                                "Heath Casey"
                            ],
                            "overview": {
                                "ranking": 10,
                                "avg_speed": 38,
                                "max_speed": 80,
                                "ice_coverage": 89
                            },
                            "lifts": [
                                {
                                    "lift_id": 0,
                                    "lift_speed": 7,
                                    "lift_flow": 55,
                                    "lift_coverage": 28
                                },
                                {
                                    "lift_id": 1,
                                    "lift_speed": 100,
                                    "lift_flow": 9,
                                    "lift_coverage": 44
                                },
                                {
                                    "lift_id": 2,
                                    "lift_speed": 75,
                                    "lift_flow": 88,
                                    "lift_coverage": 94
                                }
                            ],
                            "twists": [
                                {
                                    "twist_id": 0,
                                    "twist_speed": 59,
                                    "twist_height": 48
                                },
                                {
                                    "twist_id": 1,
                                    "twist_speed": 81,
                                    "twist_height": 78
                                },
                                {
                                    "twist_id": 2,
                                    "twist_speed": 77,
                                    "twist_height": 27
                                }
                            ]
                        },
                        {
                            "id": 1,
                            "guid": "f517663b-7ab7-40d8-b2c3-c065b5de955a",
                            "picture": "http://placehold.it/32x32",
                            "names": [
                                "Shaffer Branch",
                                "Carroll Flowers"
                            ],
                            "overview": {
                                "ranking": 7,
                                "avg_speed": 97,
                                "max_speed": 32,
                                "ice_coverage": 99
                            },
                            "lifts": [
                                {
                                    "lift_id": 0,
                                    "lift_speed": 41,
                                    "lift_flow": 45,
                                    "lift_coverage": 100
                                },
                                {
                                    "lift_id": 1,
                                    "lift_speed": 34,
                                    "lift_flow": 26,
                                    "lift_coverage": 79
                                },
                                {
                                    "lift_id": 2,
                                    "lift_speed": 34,
                                    "lift_flow": 65,
                                    "lift_coverage": 22
                                }
                            ],
                            "twists": [
                                {
                                    "twist_id": 0,
                                    "twist_speed": 49,
                                    "twist_height": 72
                                },
                                {
                                    "twist_id": 1,
                                    "twist_speed": 71,
                                    "twist_height": 69
                                }
                            ]
                        },
                        {
                            "id": 2,
                            "guid": "7e3451e2-bb72-4c52-a178-36da0dc5ea76",
                            "picture": "http://placehold.it/32x32",
                            "names": [
                                "Elma Campbell",
                                "Riggs Mcconnell"
                            ],
                            "overview": {
                                "ranking": 3,
                                "avg_speed": 11,
                                "max_speed": 92,
                                "ice_coverage": 75
                            },
                            "lifts": [
                                {
                                    "lift_id": 0,
                                    "lift_speed": 96,
                                    "lift_flow": 88,
                                    "lift_coverage": 28
                                },
                                {
                                    "lift_id": 1,
                                    "lift_speed": 52,
                                    "lift_flow": 13,
                                    "lift_coverage": 94
                                },
                                {
                                    "lift_id": 2,
                                    "lift_speed": 19,
                                    "lift_flow": 32,
                                    "lift_coverage": 52
                                }
                            ],
                            "twists": [
                                {
                                    "twist_id": 0,
                                    "twist_speed": 55,
                                    "twist_height": 84
                                },
                                {
                                    "twist_id": 1,
                                    "twist_speed": 86,
                                    "twist_height": 51
                                },
                                {
                                    "twist_id": 2,
                                    "twist_speed": 18,
                                    "twist_height": 21
                                }
                            ]
                        },
                        {
                            "id": 3,
                            "guid": "23c2b226-e2c1-4701-a453-f2654f998d44",
                            "picture": "http://placehold.it/32x32",
                            "names": [
                                "Bond Holmes",
                                "Madelyn Sharpe"
                            ],
                            "overview": {
                                "ranking": 6,
                                "avg_speed": 24,
                                "max_speed": 83,
                                "ice_coverage": 81
                            },
                            "lifts": [
                                {
                                    "lift_id": 0,
                                    "lift_speed": 80,
                                    "lift_flow": 61,
                                    "lift_coverage": 5
                                },
                                {
                                    "lift_id": 1,
                                    "lift_speed": 51,
                                    "lift_flow": 80,
                                    "lift_coverage": 33
                                },
                                {
                                    "lift_id": 2,
                                    "lift_speed": 94,
                                    "lift_flow": 60,
                                    "lift_coverage": 51
                                }
                            ],
                            "twists": [
                                {
                                    "twist_id": 0,
                                    "twist_speed": 88,
                                    "twist_height": 36
                                },
                                {
                                    "twist_id": 1,
                                    "twist_speed": 84,
                                    "twist_height": 45
                                },
                                {
                                    "twist_id": 2,
                                    "twist_speed": 86,
                                    "twist_height": 36
                                }
                            ]
                        },
                        {
                            "id": 4,
                            "guid": "70350777-9f26-4c0c-bf71-850bcb5ef9c9",
                            "picture": "http://placehold.it/32x32",
                            "names": [
                                "Frieda Love",
                                "Rogers Savage"
                            ],
                            "overview": {
                                "ranking": 0,
                                "avg_speed": 31,
                                "max_speed": 5,
                                "ice_coverage": 68
                            },
                            "lifts": [
                                {
                                    "lift_id": 0,
                                    "lift_speed": 10,
                                    "lift_flow": 92,
                                    "lift_coverage": 90
                                },
                                {
                                    "lift_id": 1,
                                    "lift_speed": 93,
                                    "lift_flow": 4,
                                    "lift_coverage": 67
                                },
                                {
                                    "lift_id": 2,
                                    "lift_speed": 24,
                                    "lift_flow": 45,
                                    "lift_coverage": 29
                                }
                            ],
                            "twists": [
                                {
                                    "twist_id": 0,
                                    "twist_speed": 60,
                                    "twist_height": 26
                                },
                                {
                                    "twist_id": 1,
                                    "twist_speed": 86,
                                    "twist_height": 98
                                },
                                {
                                    "twist_id": 2,
                                    "twist_speed": 10,
                                    "twist_height": 87
                                }
                            ]
                        },
                        {
                            "id": 5,
                            "guid": "61f31e41-275c-4ea9-987a-46681b8b1347",
                            "picture": "http://placehold.it/32x32",
                            "names": [
                                "Cathleen Potter",
                                "Sheree Levy"
                            ],
                            "overview": {
                                "ranking": 9,
                                "avg_speed": 37,
                                "max_speed": 80,
                                "ice_coverage": 46
                            },
                            "lifts": [
                                {
                                    "lift_id": 0,
                                    "lift_speed": 63,
                                    "lift_flow": 9,
                                    "lift_coverage": 72
                                },
                                {
                                    "lift_id": 1,
                                    "lift_speed": 7,
                                    "lift_flow": 70,
                                    "lift_coverage": 17
                                },
                                {
                                    "lift_id": 2,
                                    "lift_speed": 85,
                                    "lift_flow": 13,
                                    "lift_coverage": 86
                                }
                            ],
                            "twists": [
                                {
                                    "twist_id": 0,
                                    "twist_speed": 79,
                                    "twist_height": 52
                                },
                                {
                                    "twist_id": 1,
                                    "twist_speed": 25,
                                    "twist_height": 75
                                },
                                {
                                    "twist_id": 2,
                                    "twist_speed": 11,
                                    "twist_height": 77
                                }
                            ]
                        },
                        {
                            "id": 6,
                            "guid": "433f1fe1-dbe5-4ee7-8c7f-9cac106ef64a",
                            "picture": "http://placehold.it/32x32",
                            "names": [
                                "Minerva Carver",
                                "Lena Barnett"
                            ],
                            "overview": {
                                "ranking": 10,
                                "avg_speed": 9,
                                "max_speed": 84,
                                "ice_coverage": 22
                            },
                            "lifts": [
                                {
                                    "lift_id": 0,
                                    "lift_speed": 48,
                                    "lift_flow": 6,
                                    "lift_coverage": 1
                                },
                                {
                                    "lift_id": 1,
                                    "lift_speed": 74,
                                    "lift_flow": 100,
                                    "lift_coverage": 49
                                }
                            ],
                            "twists": [
                                {
                                    "twist_id": 0,
                                    "twist_speed": 34,
                                    "twist_height": 83
                                },
                                {
                                    "twist_id": 1,
                                    "twist_speed": 17,
                                    "twist_height": 86
                                },
                                {
                                    "twist_id": 2,
                                    "twist_speed": 1,
                                    "twist_height": 64
                                }
                            ]
                        }
                    ]
                },
                {
                    "program_name": "Long Program",
                    "program_type": "long",
                    "competitors": [
                        {
                            "id": 0,
                            "guid": "20bf06fc-b0a5-4d79-8eef-b6b458360e31",
                            "picture": "http://placehold.it/32x32",
                            "names": [
                                "Vickie Larson",
                                "Wheeler Harper"
                            ],
                            "overview": {
                                "ranking": 9,
                                "avg_speed": 49,
                                "max_speed": 28,
                                "ice_coverage": 44
                            },
                            "lifts": [
                                {
                                    "lift_id": 0,
                                    "lift_speed": 82,
                                    "lift_flow": 20,
                                    "lift_coverage": 58
                                },
                                {
                                    "lift_id": 1,
                                    "lift_speed": 56,
                                    "lift_flow": 83,
                                    "lift_coverage": 41
                                }
                            ],
                            "twists": [
                                {
                                    "twist_id": 0,
                                    "twist_speed": 33,
                                    "twist_height": 13
                                },
                                {
                                    "twist_id": 1,
                                    "twist_speed": 52,
                                    "twist_height": 78
                                }
                            ]
                        },
                        {
                            "id": 1,
                            "guid": "7e697a21-2b9f-4d47-8f74-a31271c51a52",
                            "picture": "http://placehold.it/32x32",
                            "names": [
                                "Chase Pena",
                                "Glass Mcclure"
                            ],
                            "overview": {
                                "ranking": 1,
                                "avg_speed": 95,
                                "max_speed": 83,
                                "ice_coverage": 100
                            },
                            "lifts": [
                                {
                                    "lift_id": 0,
                                    "lift_speed": 82,
                                    "lift_flow": 34,
                                    "lift_coverage": 88
                                },
                                {
                                    "lift_id": 1,
                                    "lift_speed": 70,
                                    "lift_flow": 83,
                                    "lift_coverage": 83
                                }
                            ],
                            "twists": [
                                {
                                    "twist_id": 0,
                                    "twist_speed": 24,
                                    "twist_height": 63
                                },
                                {
                                    "twist_id": 1,
                                    "twist_speed": 5,
                                    "twist_height": 84
                                }
                            ]
                        },
                        {
                            "id": 2,
                            "guid": "c66adce0-481f-4c59-a144-78aba8a0b354",
                            "picture": "http://placehold.it/32x32",
                            "names": [
                                "Mccall White",
                                "Maritza Nicholson"
                            ],
                            "overview": {
                                "ranking": 5,
                                "avg_speed": 46,
                                "max_speed": 19,
                                "ice_coverage": 8
                            },
                            "lifts": [
                                {
                                    "lift_id": 0,
                                    "lift_speed": 22,
                                    "lift_flow": 48,
                                    "lift_coverage": 11
                                },
                                {
                                    "lift_id": 1,
                                    "lift_speed": 56,
                                    "lift_flow": 25,
                                    "lift_coverage": 55
                                },
                                {
                                    "lift_id": 2,
                                    "lift_speed": 15,
                                    "lift_flow": 45,
                                    "lift_coverage": 37
                                }
                            ],
                            "twists": [
                                {
                                    "twist_id": 0,
                                    "twist_speed": 76,
                                    "twist_height": 69
                                },
                                {
                                    "twist_id": 1,
                                    "twist_speed": 93,
                                    "twist_height": 50
                                }
                            ]
                        },
                        {
                            "id": 3,
                            "guid": "5f6041fd-0c25-43c8-9e17-1246271a9ed7",
                            "picture": "http://placehold.it/32x32",
                            "names": [
                                "Dina Booth",
                                "Crane Hays"
                            ],
                            "overview": {
                                "ranking": 10,
                                "avg_speed": 19,
                                "max_speed": 76,
                                "ice_coverage": 65
                            },
                            "lifts": [
                                {
                                    "lift_id": 0,
                                    "lift_speed": 45,
                                    "lift_flow": 43,
                                    "lift_coverage": 84
                                },
                                {
                                    "lift_id": 1,
                                    "lift_speed": 92,
                                    "lift_flow": 94,
                                    "lift_coverage": 38
                                }
                            ],
                            "twists": [
                                {
                                    "twist_id": 0,
                                    "twist_speed": 9,
                                    "twist_height": 18
                                },
                                {
                                    "twist_id": 1,
                                    "twist_speed": 61,
                                    "twist_height": 34
                                }
                            ]
                        },
                        {
                            "id": 4,
                            "guid": "fe7367e2-c736-4ee1-b877-6c9ca2ec6a2b",
                            "picture": "http://placehold.it/32x32",
                            "names": [
                                "Lorena Robinson",
                                "Owen Garza"
                            ],
                            "overview": {
                                "ranking": 3,
                                "avg_speed": 95,
                                "max_speed": 54,
                                "ice_coverage": 98
                            },
                            "lifts": [
                                {
                                    "lift_id": 0,
                                    "lift_speed": 1,
                                    "lift_flow": 26,
                                    "lift_coverage": 25
                                },
                                {
                                    "lift_id": 1,
                                    "lift_speed": 97,
                                    "lift_flow": 56,
                                    "lift_coverage": 67
                                },
                                {
                                    "lift_id": 2,
                                    "lift_speed": 35,
                                    "lift_flow": 11,
                                    "lift_coverage": 45
                                }
                            ],
                            "twists": [
                                {
                                    "twist_id": 0,
                                    "twist_speed": 27,
                                    "twist_height": 2
                                },
                                {
                                    "twist_id": 1,
                                    "twist_speed": 70,
                                    "twist_height": 77
                                },
                                {
                                    "twist_id": 2,
                                    "twist_speed": 56,
                                    "twist_height": 56
                                }
                            ]
                        },
                        {
                            "id": 5,
                            "guid": "bbcb4e29-9a2b-4ae0-9f49-083a5aa809e4",
                            "picture": "http://placehold.it/32x32",
                            "names": [
                                "Durham Downs",
                                "Shepard Gaines"
                            ],
                            "overview": {
                                "ranking": 1,
                                "avg_speed": 89,
                                "max_speed": 30,
                                "ice_coverage": 55
                            },
                            "lifts": [
                                {
                                    "lift_id": 0,
                                    "lift_speed": 43,
                                    "lift_flow": 40,
                                    "lift_coverage": 60
                                },
                                {
                                    "lift_id": 1,
                                    "lift_speed": 8,
                                    "lift_flow": 42,
                                    "lift_coverage": 100
                                }
                            ],
                            "twists": [
                                {
                                    "twist_id": 0,
                                    "twist_speed": 44,
                                    "twist_height": 60
                                },
                                {
                                    "twist_id": 1,
                                    "twist_speed": 5,
                                    "twist_height": 60
                                }
                            ]
                        }
                    ]
                }
            ]
        },
        {
            "event_name": "Ice Dance Events",
            "event_type": "ice_dance",
            "programs": [
                {
                    "program_name": "Short Dance",
                    "program_type": "short",
                    "competitors": [
                        {
                            "id": 0,
                            "guid": "5c660b74-f21e-4d72-8b87-4e534788768b",
                            "picture": "http://placehold.it/32x32",
                            "names": [
                                "Mitzi Walter",
                                "Kline Sutton"
                            ],
                            "overview": {
                                "ranking": 3,
                                "avg_speed": 24,
                                "max_speed": 61,
                                "ice_coverage": 81
                            },
                            "lifts": [
                                {
                                    "lift_id": 0,
                                    "lift_speed": 3,
                                    "lift_flow": 41,
                                    "lift_coverage": 4
                                },
                                {
                                    "lift_id": 1,
                                    "lift_speed": 85,
                                    "lift_flow": 88,
                                    "lift_coverage": 71
                                },
                                {
                                    "lift_id": 2,
                                    "lift_speed": 62,
                                    "lift_flow": 27,
                                    "lift_coverage": 37
                                }
                            ]
                        },
                        {
                            "id": 1,
                            "guid": "d354fbed-0cdb-447b-96c2-6a5283667104",
                            "picture": "http://placehold.it/32x32",
                            "names": [
                                "Love Langley",
                                "Manuela Gilliam"
                            ],
                            "overview": {
                                "ranking": 8,
                                "avg_speed": 90,
                                "max_speed": 19,
                                "ice_coverage": 37
                            },
                            "lifts": [
                                {
                                    "lift_id": 0,
                                    "lift_speed": 4,
                                    "lift_flow": 21,
                                    "lift_coverage": 25
                                },
                                {
                                    "lift_id": 1,
                                    "lift_speed": 22,
                                    "lift_flow": 13,
                                    "lift_coverage": 50
                                },
                                {
                                    "lift_id": 2,
                                    "lift_speed": 5,
                                    "lift_flow": 73,
                                    "lift_coverage": 66
                                }
                            ]
                        },
                        {
                            "id": 2,
                            "guid": "58d5c901-b866-4c78-b23f-6a2199042c64",
                            "picture": "http://placehold.it/32x32",
                            "names": [
                                "Josefa Reeves",
                                "Tabitha Alexander"
                            ],
                            "overview": {
                                "ranking": 2,
                                "avg_speed": 69,
                                "max_speed": 63,
                                "ice_coverage": 97
                            },
                            "lifts": [
                                {
                                    "lift_id": 0,
                                    "lift_speed": 5,
                                    "lift_flow": 50,
                                    "lift_coverage": 60
                                },
                                {
                                    "lift_id": 1,
                                    "lift_speed": 75,
                                    "lift_flow": 73,
                                    "lift_coverage": 81
                                },
                                {
                                    "lift_id": 2,
                                    "lift_speed": 13,
                                    "lift_flow": 67,
                                    "lift_coverage": 38
                                }
                            ]
                        },
                        {
                            "id": 3,
                            "guid": "678bf036-f204-455e-9102-defc7b76cc36",
                            "picture": "http://placehold.it/32x32",
                            "names": [
                                "Blake Vaughn",
                                "Dorsey Brock"
                            ],
                            "overview": {
                                "ranking": 7,
                                "avg_speed": 55,
                                "max_speed": 24,
                                "ice_coverage": 10
                            },
                            "lifts": [
                                {
                                    "lift_id": 0,
                                    "lift_speed": 78,
                                    "lift_flow": 5,
                                    "lift_coverage": 28
                                },
                                {
                                    "lift_id": 1,
                                    "lift_speed": 48,
                                    "lift_flow": 69,
                                    "lift_coverage": 54
                                },
                                {
                                    "lift_id": 2,
                                    "lift_speed": 71,
                                    "lift_flow": 92,
                                    "lift_coverage": 32
                                }
                            ]
                        },
                        {
                            "id": 4,
                            "guid": "c7ded85f-ca66-46dc-bed6-aee719685dc3",
                            "picture": "http://placehold.it/32x32",
                            "names": [
                                "Powell Allen",
                                "Le Ramsey"
                            ],
                            "overview": {
                                "ranking": 7,
                                "avg_speed": 90,
                                "max_speed": 90,
                                "ice_coverage": 81
                            },
                            "lifts": [
                                {
                                    "lift_id": 0,
                                    "lift_speed": 10,
                                    "lift_flow": 11,
                                    "lift_coverage": 34
                                },
                                {
                                    "lift_id": 1,
                                    "lift_speed": 43,
                                    "lift_flow": 74,
                                    "lift_coverage": 40
                                },
                                {
                                    "lift_id": 2,
                                    "lift_speed": 19,
                                    "lift_flow": 24,
                                    "lift_coverage": 96
                                }
                            ]
                        },
                        {
                            "id": 5,
                            "guid": "8c657953-682e-44f1-b4a8-a37ab8e19aaa",
                            "picture": "http://placehold.it/32x32",
                            "names": [
                                "Mara Battle",
                                "Carter Hewitt"
                            ],
                            "overview": {
                                "ranking": 4,
                                "avg_speed": 8,
                                "max_speed": 59,
                                "ice_coverage": 25
                            },
                            "lifts": [
                                {
                                    "lift_id": 0,
                                    "lift_speed": 15,
                                    "lift_flow": 9,
                                    "lift_coverage": 99
                                },
                                {
                                    "lift_id": 1,
                                    "lift_speed": 37,
                                    "lift_flow": 22,
                                    "lift_coverage": 61
                                },
                                {
                                    "lift_id": 2,
                                    "lift_speed": 43,
                                    "lift_flow": 87,
                                    "lift_coverage": 44
                                }
                            ]
                        }
                    ]
                },
                {
                    "program_name": "Free Dance",
                    "program_type": "free",
                    "competitors": [
                        {
                            "id": 0,
                            "guid": "0e21b632-ea53-45a2-8967-2b5fb400d885",
                            "picture": "http://placehold.it/32x32",
                            "names": [
                                "Osborne Combs",
                                "Weiss Rowe"
                            ],
                            "overview": {
                                "ranking": 5,
                                "avg_speed": 90,
                                "max_speed": 32,
                                "ice_coverage": 34
                            },
                            "lifts": [
                                {
                                    "lift_id": 0,
                                    "lift_speed": 100,
                                    "lift_flow": 27,
                                    "lift_coverage": 67
                                },
                                {
                                    "lift_id": 1,
                                    "lift_speed": 56,
                                    "lift_flow": 11,
                                    "lift_coverage": 94
                                },
                                {
                                    "lift_id": 2,
                                    "lift_speed": 56,
                                    "lift_flow": 41,
                                    "lift_coverage": 17
                                }
                            ]
                        },
                        {
                            "id": 1,
                            "guid": "d5fbaab7-2449-4c72-aa9d-736b68df066a",
                            "picture": "http://placehold.it/32x32",
                            "names": [
                                "Reid Hall",
                                "Latisha Melendez"
                            ],
                            "overview": {
                                "ranking": 1,
                                "avg_speed": 2,
                                "max_speed": 77,
                                "ice_coverage": 46
                            },
                            "lifts": [
                                {
                                    "lift_id": 0,
                                    "lift_speed": 20,
                                    "lift_flow": 80,
                                    "lift_coverage": 79
                                },
                                {
                                    "lift_id": 1,
                                    "lift_speed": 11,
                                    "lift_flow": 74,
                                    "lift_coverage": 100
                                },
                                {
                                    "lift_id": 2,
                                    "lift_speed": 96,
                                    "lift_flow": 93,
                                    "lift_coverage": 1
                                }
                            ]
                        },
                        {
                            "id": 2,
                            "guid": "7e7ac10c-159b-485d-8ca1-996d3007e9d4",
                            "picture": "http://placehold.it/32x32",
                            "names": [
                                "Bonita Salinas",
                                "Vera Franks"
                            ],
                            "overview": {
                                "ranking": 9,
                                "avg_speed": 43,
                                "max_speed": 56,
                                "ice_coverage": 19
                            },
                            "lifts": [
                                {
                                    "lift_id": 0,
                                    "lift_speed": 31,
                                    "lift_flow": 61,
                                    "lift_coverage": 19
                                },
                                {
                                    "lift_id": 1,
                                    "lift_speed": 89,
                                    "lift_flow": 81,
                                    "lift_coverage": 9
                                }
                            ]
                        },
                        {
                            "id": 3,
                            "guid": "72ddc6fc-8a2c-4bae-9742-433261676ed2",
                            "picture": "http://placehold.it/32x32",
                            "names": [
                                "Goodman Murray",
                                "Leona Preston"
                            ],
                            "overview": {
                                "ranking": 10,
                                "avg_speed": 83,
                                "max_speed": 60,
                                "ice_coverage": 27
                            },
                            "lifts": [
                                {
                                    "lift_id": 0,
                                    "lift_speed": 80,
                                    "lift_flow": 57,
                                    "lift_coverage": 64
                                },
                                {
                                    "lift_id": 1,
                                    "lift_speed": 88,
                                    "lift_flow": 53,
                                    "lift_coverage": 74
                                }
                            ]
                        },
                        {
                            "id": 4,
                            "guid": "4cda93c6-0c5d-4c94-a35e-72aeff379182",
                            "picture": "http://placehold.it/32x32",
                            "names": [
                                "Mercado Howell",
                                "Jannie Cervantes"
                            ],
                            "overview": {
                                "ranking": 4,
                                "avg_speed": 3,
                                "max_speed": 5,
                                "ice_coverage": 66
                            },
                            "lifts": [
                                {
                                    "lift_id": 0,
                                    "lift_speed": 76,
                                    "lift_flow": 69,
                                    "lift_coverage": 65
                                },
                                {
                                    "lift_id": 1,
                                    "lift_speed": 81,
                                    "lift_flow": 73,
                                    "lift_coverage": 53
                                }
                            ]
                        },
                        {
                            "id": 5,
                            "guid": "716e8d97-bc69-496c-86cd-48721c3e1479",
                            "picture": "http://placehold.it/32x32",
                            "names": [
                                "Twila Jenkins",
                                "Howe Davenport"
                            ],
                            "overview": {
                                "ranking": 9,
                                "avg_speed": 90,
                                "max_speed": 36,
                                "ice_coverage": 95
                            },
                            "lifts": [
                                {
                                    "lift_id": 0,
                                    "lift_speed": 58,
                                    "lift_flow": 21,
                                    "lift_coverage": 67
                                },
                                {
                                    "lift_id": 1,
                                    "lift_speed": 42,
                                    "lift_flow": 34,
                                    "lift_coverage": 49
                                },
                                {
                                    "lift_id": 2,
                                    "lift_speed": 20,
                                    "lift_flow": 93,
                                    "lift_coverage": 97
                                }
                            ]
                        }
                    ]
                }
            ]
        }
    ]
}